{
  "format": "adnd2e-class",
  "format_version": "1.0.0",
  "class": {
    "name": "Bard",
    "type": "Arcane",
    "description": "Arcane performer with a curated spell list."
  },
  "inherits": {
    "from": "Mage"
  },
  "barred_schools": [],
  "includes": [
    {
      "name": "Charm Person",
      "class": "Mage",
      "level": 1
    },
    {
      "name": "Detect Magic",
      "class": "Mage",
      "level": 1
    },
    {
      "name": "Invisibility",
      "class": "Mage",
      "level": 2
    }
  ],
  "excludes": [
    {
      "name": "Fireball",
      "class": "Mage",
      "level": 3
    },
    {
      "name": "Animate Dead",
      "class": "Mage",
      "level": 5
    }
  ],
  "spheres": null,
  "overrides": []
}