{
  "format": "adnd2e-class",
  "format_version": "1.0.0",
  "class": {
    "name": "Cleric",
    "type": "Divine",
    "description": "Generic cleric using sphere-based access."
  },
  "inherits": null,
  "barred_schools": [],
  "includes": [],
  "excludes": [],
  "spheres": {
    "Full": [
      "Healing",
      "Protection",
      "Divination"
    ],
    "Limited": [
      "Combat",
      "Guardian",
      "Sun"
    ],
    "None": [
      "Animal",
      "Plant",
      "Weather",
      "Elemental",
      "Chaos",
      "Time"
    ]
  },
  "overrides": [
    {
      "action": "GRANT",
      "spell": {
        "name": "Detect Magic",
        "class": "Cleric",
        "level": 1
      }
    },
    {
      "action": "FORBID",
      "spell": {
        "name": "Animate Dead",
        "class": "Cleric",
        "level": 3
      }
    }
  ]
}