{
  "format": "adnd2e-class",
  "format_version": "1.0.0",
  "class": {
    "name": "Illusionist",
    "type": "Arcane",
    "description": "Specialist wizard focused on illusion."
  },
  "inherits": {
    "from": "Mage"
  },
  "barred_schools": [
    "Evocation",
    "Necromancy"
  ],
  "includes": [
    {
      "name": "Color Spray",
      "class": "Mage",
      "level": 1
    },
    {
      "name": "Phantasmal Force",
      "class": "Mage",
      "level": 2
    }
  ],
  "excludes": [
    {
      "name": "Fireball",
      "class": "Mage",
      "level": 3
    }
  ],
  "spheres": null,
  "overrides": []
}