{
  "format": "adnd2e-spellbook",
  "format_version": "1.0.0",
  "metadata": {
    "name": "Elira's Battle Kit",
    "owner_type": "PC",
    "owner_name": "Elira Vael",
    "created_at": "2026-01-11T18:04:50Z",
    "source": "Homebrew",
    "notes": "Prepared set for dungeon delving."
  },
  "filters": {
    "schools": [
      "Evocation",
      "Divination"
    ],
    "level_min": 1,
    "level_max": 3
  },
  "spells": [
    {
      "entry": {
        "name": "Magic Missile",
        "class": "Mage",
        "level": 1,
        "source": "Homebrew/OGL-like summary"
      },
      "prepared": true,
      "known": true,
      "notes": "Disrupt casters."
    },
    {
      "entry": {
        "name": "Detect Magic",
        "class": "Mage",
        "level": 1,
        "source": "Homebrew/OGL-like summary"
      },
      "prepared": true,
      "known": true
    },
    {
      "entry": {
        "name": "Fireball",
        "school": "Evocation",
        "class_list": [
          "Mage"
        ],
        "level": 3,
        "components": "V,S,M",
        "material_components": "Bat guano and sulfur",
        "casting_time": "3",
        "duration": "Instantaneous",
        "area": "20-ft radius burst",
        "saving_throw": "Half",
        "reversible": false,
        "tags": [
          "fire",
          "area"
        ],
        "description": "A spark blossoms into flame affecting a wide area; agile foes may reduce the effect.",
        "source": "Homebrew/OGL-like summary",
        "edition": "AD&D 2e",
        "author": "You",
        "license": "Homebrew"
      },
      "prepared": true,
      "known": true,
      "notes": "Mind cramped corridors."
    }
  ]
}