{
  "$schema": "https://json-schema.org/draft/2020-12/schema",
  "$id": "https://local/schema/spell.json",
  "title": "Spell",
  "type": "object",
  "required": [
    "name",
    "level",
    "description"
  ],
  "properties": {
    "name": {
      "type": "string"
    },
    "school": {
      "type": [
        "string",
        "null"
      ]
    },
    "sphere": {
      "type": [
        "string",
        "null"
      ]
    },
    "class_list": {
      "type": "array",
      "items": {
        "type": "string"
      }
    },
    "level": {
      "type": "integer",
      "minimum": 0
    },
    "range": {
      "type": [
        "string",
        "null"
      ]
    },
    "components": {
      "type": [
        "string",
        "null"
      ]
    },
    "material_components": {
      "type": [
        "string",
        "null"
      ]
    },
    "casting_time": {
      "type": [
        "string",
        "null"
      ]
    },
    "duration": {
      "type": [
        "string",
        "null"
      ]
    },
    "area": {
      "type": [
        "string",
        "null"
      ]
    },
    "saving_throw": {
      "type": [
        "string",
        "null"
      ]
    },
    "reversible": {
      "type": "boolean"
    },
    "tags": {
      "type": "array",
      "items": {
        "type": "string"
      }
    },
    "source": {
      "type": [
        "string",
        "null"
      ]
    },
    "edition": {
      "type": [
        "string",
        "null"
      ]
    },
    "author": {
      "type": [
        "string",
        "null"
      ]
    },
    "license": {
      "type": [
        "string",
        "null"
      ]
    },
    "description": {
      "type": "string"
    },
    "attachments": {
      "type": "array",
      "items": {
        "type": "string"
      }
    },
    "key": {
      "type": "object",
      "properties": {
        "name_normalized": {
          "type": "string"
        },
        "class": {
          "type": "string"
        },
        "level": {
          "type": "integer"
        },
        "source": {
          "type": [
            "string",
            "null"
          ]
        }
      }
    }
  },
  "additionalProperties": false
}