{
  "$schema": "https://json-schema.org/draft/2020-12/schema",
  "$id": "https://local/schema/spellbook.json",
  "title": "Spellbook",
  "type": "object",
  "required": [
    "format",
    "format_version",
    "metadata",
    "spells"
  ],
  "properties": {
    "format": {
      "const": "adnd2e-spellbook"
    },
    "format_version": {
      "type": "string",
      "pattern": "^\\d+\\.\\d+\\.\\d+$"
    },
    "metadata": {
      "type": "object",
      "required": [
        "name",
        "owner_type"
      ],
      "properties": {
        "name": {
          "type": "string"
        },
        "owner_type": {
          "enum": [
            "PC",
            "NPC"
          ]
        },
        "owner_name": {
          "type": [
            "string",
            "null"
          ]
        },
        "created_at": {
          "type": "string"
        },
        "source": {
          "type": [
            "string",
            "null"
          ]
        },
        "notes": {
          "type": [
            "string",
            "null"
          ]
        }
      }
    },
    "filters": {
      "type": "object",
      "properties": {
        "schools": {
          "type": "array",
          "items": {
            "type": "string"
          }
        },
        "level_min": {
          "type": "integer"
        },
        "level_max": {
          "type": "integer"
        }
      }
    },
    "spells": {
      "type": "array",
      "items": {
        "type": "object",
        "required": [
          "entry"
        ],
        "properties": {
          "entry": {
            "oneOf": [
              {
                "$ref": "spell.json"
              },
              {
                "type": "object",
                "required": [
                  "name",
                  "class",
                  "level"
                ],
                "properties": {
                  "name": {
                    "type": "string"
                  },
                  "class": {
                    "type": "string"
                  },
                  "level": {
                    "type": "integer"
                  },
                  "source": {
                    "type": [
                      "string",
                      "null"
                    ]
                  }
                },
                "additionalProperties": false
              }
            ]
          },
          "prepared": {
            "type": "boolean"
          },
          "known": {
            "type": "boolean"
          },
          "notes": {
            "type": [
              "string",
              "null"
            ]
          }
        },
        "additionalProperties": false
      }
    }
  },
  "additionalProperties": false
}